{
  "best_model": "SVM (RBF)",
  "best_accuracy": 0.9487179487179487,
  "best_f1": 0.9666666666666667,
  "best_auc": 0.9620689655172414,
  "best_cv": 0.8717741935483871,
  "top_features": [
    "spread1",
    "PPE",
    "spread2",
    "HNR",
    "MDVP:Shimmer"
  ],
  "all_models": {
    "SVM (RBF)": {
      "accuracy": 0.9487179487179487,
      "precision": 0.9354838709677419,
      "recall": 1.0,
      "f1": 0.9666666666666667,
      "roc_auc": 0.9620689655172414,
      "cv_mean": 0.8717741935483871,
      "cv_std": 0.040835448068297295
    },
    "Random Forest": {
      "accuracy": 0.9230769230769231,
      "precision": 0.9333333333333333,
      "recall": 0.9655172413793104,
      "f1": 0.9491525423728814,
      "roc_auc": 0.9620689655172415,
      "cv_mean": 0.8977822580645162,
      "cv_std": 0.03608589374488768
    },
    "XGBoost": {
      "accuracy": 0.9230769230769231,
      "precision": 0.9333333333333333,
      "recall": 0.9655172413793104,
      "f1": 0.9491525423728814,
      "roc_auc": 0.9793103448275863,
      "cv_mean": 0.9038306451612904,
      "cv_std": 0.03535763836925466
    },
    "Gradient Boosting": {
      "accuracy": 0.9230769230769231,
      "precision": 0.9642857142857143,
      "recall": 0.9310344827586207,
      "f1": 0.9473684210526315,
      "roc_auc": 0.9758620689655173,
      "cv_mean": 0.9171370967741936,
      "cv_std": 0.04198392053830739
    },
    "Logistic Regression": {
      "accuracy": 0.9230769230769231,
      "precision": 0.9333333333333333,
      "recall": 0.9655172413793104,
      "f1": 0.9491525423728814,
      "roc_auc": 0.9241379310344828,
      "cv_mean": 0.833467741935484,
      "cv_std": 0.05498675462493801
    },
    "KNN": {
      "accuracy": 0.9487179487179487,
      "precision": 0.9354838709677419,
      "recall": 1.0,
      "f1": 0.9666666666666667,
      "roc_auc": 0.9827586206896552,
      "cv_mean": 0.9227822580645162,
      "cv_std": 0.026160002553723544
    },
    "Decision Tree": {
      "accuracy": 0.8461538461538461,
      "precision": 0.896551724137931,
      "recall": 0.896551724137931,
      "f1": 0.896551724137931,
      "roc_auc": 0.7982758620689654,
      "cv_mean": 0.8659274193548387,
      "cv_std": 0.053227333800177745
    }
  }
}